aussieweb,https://www.aussieweb.com.au/
yellowpages,yellowpages.com.au
truelocal,truelocal.com.au
hotfrog,hotfrog.com.au
localbusinessguide,localbusinessguide.com.au
fyple,fyple.biz
yelp,yelp.com.au
womo,womo.com.au
infobel,infobel.com
australianplanet,australianplanet.com
startlocal,https://www.mypresences.com/service/startlocal-australia/
yourcity,yourcity.com.au
Locanto,https://www.locanto.com.au/
dlook,dlook.com.au
pinkpages,pinkpages.com.au
superpages,superpages.com.au
brownbook,brownbook.net
cylex,cylex.com.au
local,local.com.au
comeonaussie,https://directory.coais.com/add/
au.enrollbusiness,au.enrollbusiness.com
misterwhat,misterwhat-au.com
savvysme,savvysme.com.au
flyingsolo,flyingsolo.com.au
purelocal,purelocal.com.au
aubiz,aubiz.org
livepages,livepages.com.au
2findlocal,2findlocal.com
40billion,40billion.com
ablocal,ablocal.com
bizhwy,bizhwy.com
botw,botw.org
callupcontact,callupcontact.com
companylist,companylist.org
cybo,cybo.com
cylex,cylex.com
dexknows,dexknows.com
dnb,dnb.com
elocal,elocal.com
expatriates,expatriates.com
foursquare,foursquare.com
iformative,iformative.com
justlanded,justlanded.com
mapquest,mapquest.com
maps.apple,maps.apple.com
mycompany.places.tomtom,mycompany.places.tomtom.com
quora,quora.com
salespider,salespider.com
seekon,seekon.com
showmelocal,showmelocal.com
storeboard,storeboard.com
swkong,swkong.com
thebluebook,thebluebook.com
thumbtack,thumbtack.com
topratedlocal,topratedlocal.com
townplanner,townplanner.com
tupalo,tupalo.net
whitepages,whitepages.com
yandex,yandex.com
yellowbot,yellowbot.com
zoominfo,zoominfo.com
linkedin,linkedin.com
pinterest,pinterest.com
reddit,reddit.com
x,x.com
youtube,youtube.com
01webdirectory,01webdirectory.com
10directory,10directory.com
facebook,facebook.com
instagram,instagram.com
9sites,9sites.net
abc-directory,abc-directory.com
abilogic,abilogic.com
about,about.me
aboutus,aboutus.com
agfg.com,agfg.com.au
alivedirectory,alivedirectory.com
amfibi,amfibi.com
amidalla,amidalla.de
asdphone,asdphone.com
askmap,askmap.net
au.zenbu,au.zenbu.org/
avivadirectory,avivadirectory.com
avvo,avvo.com
a-zbusinessfinder,a-zbusinessfinder.com
b2bmit,b2bmit.com
bizidex,bizidex.com
cannylink,cannylink.com
cataloxy,cataloxy.com
checkbook,checkbook.org
cityof,cityof.com
combo,combo.directory
familyfriendlysites,familyfriendlysites.com
finditguide,finditguide.com
houzz,houzz.com
hub,hub.biz
icalshare,icalshare.com
incrawler,incrawler.com
jayde,jayde.com
joeant,joeant.com
kompass,kompass.com
macraesbluebook,macraesbluebook.com
oneflare.com,oneflare.com.au
place-advisor,place-advisor.com
processregister,processregister.com
scrubtheweb,scrubtheweb.com
sites-internationaux,sites-internationaux.com
skaffe,skaffe.com
somuch,somuch.com
superpages.com,superpages.com.au
thalesdirectory,thalesdirectory.com
thomsonlocal,thomsonlocal.com
tomtom,tomtom.com
us.centralindex,us.centralindex.com
vetclick,vetclick.com