,S/N,Websites,Link Type,Indexing,DA,DR,Traffic,Price PKR,Price $,TAT
,1,Sites.google.com,Dofollow,Indexable ✓,96,94$,49M,500,5$,Instat-5 Hours
,2,Linkedin.com,Dofollow,Indexable ✓,99,98$,346M,500,5$,Instat-5 Hours
,3,Ameblo.jp,Dofollow,Indexable ✓,92,93$,46.3M,500,5$,Instat-5 Hours
,4,Siit.co,Dofollow,Indexable ✓,45,65$,76.5k,500,5$,Instat-5 Hours
,5,Timebusinessnews.com,Dofollow,Indexable ✓,56,71$,130,500,5$,Instat-5 Hours
,6,Theinscribermag.com,Dofollow,Indexable ✓,55,70$,100,500,5$,Instat-5 Hours
,7,pocketcasts.com,Dofollow,Indexable ✓,81,84$,292.2k,500,5$,Instat-5 Hours
,8,Bulbapp.com,Nofollow,Indexable ✓,51,68$,45.9k,500,5$,Instat-5 Hours
,9,indiehackers.com,Nofollow,Indexable ✓,55,80$,47.7k,500,5$,Instat-5 Hours
,10,Atoallinks.com,Dofollow,Indexable ✓,48,72$,88,500,5$,Instat-5 Hours
,11,Realitysteve.com,Dofollow,Indexable ✓,58,53$,27.4k,500,5$,Instat-5 Hours
,12,iheart.com,Nofollow,Indexable ✓,89,91$,9.1M,500,5$,Instat-5 Hours
,13,Hackmd.io,Nofollow,Indexable ✓,69,82$,423k,500,5$,Instat-5 Hours
,14,Ceo.ca,Dofollow,Indexable ✓,50,62$,47.1k,500,5$,Instat-5 Hours
,15,Dobberhockey.com,Dofollow,Indexable ✓,50,33$,16.5k,500,5$,Instat-5 Hours
,16,CodePen.io,Dofollow,Indexable ✓,90,91$,1.1M,500,5$,Instat-5 Hours
,17,Blog.libero.it,Dofollow,Indexable ✓,85,83$,19.9k,500,5$,Instat-5 Hours
,18,Velog.io,Dofollow,Indexable ✓,51,76$,482.8k,500,5$,Instat-5 Hours
,19,Julius.ai,Dofollow,Indexable ✓,42,71$,195.5K,500,5$,Instat-5 Hours
,20,Lemongrovelane.com,Dofollow,Indexable ✓,25,41$,2.1K,500,5$,Instat-5 Hours
,21,Ticklethewire.com,Dofollow,Indexable ✓,54,38$,247,500,5$,Instat-5 Hours
,22,Telegra.ph,Dofollow,Indexable ✓,93,89$,48.6k,500,5$,Instat-5 Hours
,23,Scrapbox.io,Dofollow,Indexable ✓,58,77$,390.5K,500,5$,Instat-5 Hours
,24,Srujanee.in,Dofollow,Indexable ✓,37,14$,20k,500,5$,Instat-5 Hours
,25,Epic7x.com,Dofollow,Indexable ✓,36,26$,23.8K,500,5$,Instat-5 Hours
,26,Plaza.rakuten.co.jp,Dofollow,Indexable ✓,93,93$,1.1M,500,5$,Instat-5 Hours
,27,Kaggle.com,Nofollow,Indexable ✓,76,89$,2.2M,500,5$,Instat-5 Hours
,28,Imageevent.com,Dofollow,Indexable ✓,63,74$,3.1k,500,5$,Instat-5 Hours
,29,Storeboard.com,Dofollow,Indexable ✓,65,77$,4,500,5$,Instat-5 Hours
,30,Pbase.com,Dofollow,Indexable ✓,88,81$,63.7K,500,5$,Instat-5 Hours
,31,podchaser.com,Nofollow,Indexable ✓,77,85$,281K,500,5$,Instat-5 Hours
,32,Justpaste.me,Dofollow,Indexable ✓,43,66$,2.2k,500,5$,Instat-5 Hours
,33,Vocal.media,Nofollow,Indexable ✓,77,82$,4.4M,500,5$,Instat-5 Hours
,34,Steemit.com,Nofollow,Indexable ✓,88,84$,2.1M,500,5$,Instat-5 Hours
,35,Jobhop.co.uk,Dofollow,Indexable ✓,48,66$,790,500,5$,Instat-5 Hours
,36,Bresdel.com,Dofollow,Indexable ✓,47,69$,666,500,5$,Instat-5 Hours
,37,Bcz.com,Dofollow,Indexable ✓,74,75$,16.2K,500,5$,Instat-5 Hours
,38,Cirandas.net,Dofollow,Indexable ✓,49,65$,1.4K,500,5$,Instat-5 Hours
,39,Dailybusinesspost.com,Dofollow,Non Index ✕,60,44$,--,500,5$,Instat-5 Hours
,40,Mundo-nipo.com,Dofollow,Non Index ✕,46,30$,1.8K,500,5$,Instat-5 Hours
,41,4shared.com,Dofollow,Non Index ✕,94,83$,553k,500,5$,Instat-5 Hours
,42,Wefunder.com,Dofollow,Non Index ✕,44,79$,40.2K,500,5$,Instat-5 Hours
,43,Notion.so,Dofollow,Non Index ✕,83,91$,274.9K,500,5$,Instat-5 Hours
,44,Macuisineturque.fr,Dofollow,Indexable ✓,35,48$,13K,500,5$,Instat-5 Hours
,45,plexuss.com,Dofollow,Indexable ✓,42,63$,11.8K,500,5$,Instat-5 Hours
,46,Gardenweb.com,Dofollow,Non Index ✕,94,73$,85.7K,500,5$,Instat-5 Hours
,47,Penzu.com,Dofollow,Non Index ✕,76,78$,87.8K,500,5$,Instat-5 Hours
,48,Quora.com,Nofollow,Non Index ✕,93,91$,253.6M,500,5$,Instat-5 Hours
,49,Bookshop.org,Dofollow,Non Index ✕,79,91$,571.7K,500,5$,Instat-5 Hours
,50,Nieveaventura.com,Dofollow,Indexable ✓,39,30$,563,500,5$,Instat-5 Hours
,51,Nerdologists.com,Dofollow,Indexable ✓,35,30$,663,500,5$,Instat-5 Hours
,52,Colcampus.com,Dofollow,Non Index ✕,56,55$,62.4k,500,5$,Instat-5 Hours
,53,Archive.org,Nofollow,Non Index ✕,94,93$,27.4M,500,5$,Instat-5 Hours
,54,Spreaker.com,Dofollow,Non Index ✕,90,90$,332K,500,5$,Instat-5 Hours
,55,Diigo.com,Dofollow,Non Index ✕,91,86$,21.8k,500,5$,Instat-5 Hours
,56,Footballxos.com,Dofollow,Non Index ✕,39,36$,1.7k,500,5$,Instat-5 Hours
,57,Patreon.com,Dofollow,Non Index ✕,92,93$,9M,500,5$,Instat-5 Hours
,58,Houzz.com,Dofollow,Non Index ✕,89,92$,4M,500,5$,Instat-5 Hours
,59,Doc.Clickup.com,Dofollow,Non Index ✕,69,88$,2.2k,500,5$,Instat-5 Hours
,60,Houzz.co.uk,Dofollow,Non Index ✕,13,86$,219.9K,500,5$,Instat-5 Hours
,61,Houzz.com.au,Dofollow,Non Index ✕,52,83$,223.8k,500,5$,Instat-5 Hours
,62,Houzz.de,Dofollow,Non Index ✕,46,82$,183.1K,500,5$,Instat-5 Hours
,63,Beforeitsnews.com,Nofollow,Non Index ✕,76,76$,115.8K,500,5$,Instat-5 Hours
,64,Scribehow.com,Dofollow,Non Index ✕,50,80$,482.3K,500,5$,Instat-5 Hours
,65,Sciencenotes.org,Dofollow,Non Index ✕,63,64$,882K,500,5$,Instat-5 Hours
,66,Eyelashbeautybar.com,Dofollow,Non Index ✕,20,21$,1.7k,500,5$,Instat-5 Hours
,67,Forums.delphiforums.com,Dofollow,Indexable ✓,61,73$,15.5k,500,5$,Instat-5 Hours
,68,Capitalpride.org,Dofollow,Non Index ✕,71,55$,321,500,5$,Instat-5 Hours
,69,Ganjingworld.com,Nofollow,Non Index ✕,44,67$,13.5k,500,5$,Instat-5 Hours
,70,Erikastravels.com,Dofollow,Non Index ✕,37,35$,5.9k,500,5$,Instat-5 Hours
,71,Cookswellwithothers.com,Dofollow,Non Index ✕,33,31$,11.6k,500,5$,Instat-5 Hours
,72,Kitchenfunwithmy3sons.com,Dofollow,Non Index ✕,65,66$,163.2k,500,5$,Instat-5 Hours
,73,Macdailynews.com,Dofollow,Non Index ✕,67,67$,16.3k,500,5$,Instat-5 Hours
,74,Mangalorean.com,Dofollow,Non Index ✕,54,60$,3.1k,500,5$,Instat-5 Hours
,75,Exploretarponsprings.com,Dofollow,Non Index ✕,26$,30$,964$,500,5$,Instat-5 Hours
,76,Cornucopia.se,Dofollow,Non Index ✕,54$,67$,62.7k,500,5$,Instat-5 Hours
,77,Lukethewindowcleaner.com,Dofollow,Non Index ✕,19$,15$,1.6k,500,5$,Instat-5 Hours
,78,Nhsjs.com,Dofollow,Non Index ✕,51$,39$,709,500,5$,Instat-5 Hours
,79,Realtotal.de,Dofollow,Non Index ✕,56$,47$,81.3k,500,5$,Instat-5 Hours
,80,Awsurplusauction.com,Dofollow,Non Index ✕,39$,12$,3.3K,500,5$,Instat-5 Hours
,81,Happybirthdayblessings.com,Dofollow,Non Index ✕,45$,66$,734$,500,5$,Instat-5 Hours
,82,Neverlikeditanyway.com,Dofollow,Non Index ✕,56,35$,3.5k,500,5$,Instat-5 Hours
,83,Myconfinedspace.com,Dofollow,Non Index ✕,62$,49$,757$,500,5$,Instat-5 Hours
,84,Workflowy.com,Dofollow,Non Index ✕,61,75$,52.8k,500,5$,Instat-5 Hours
,85,Whimsical.com,Dofollow,Non Index ✕,49,76$,189.9k,500,5$,Instat-5 Hours
,86,App.neuroflash.com,Dofollow,Non Index ✕,41$,72$,2.2k,500,5$,Instat-5 Hours
,87,Moroccoworldnews.com,Dofollow,Non Index ✕,73,75$,421.2k,500,5$,Instat-5 Hours
,88,Wakelet.com,Nofollow,Non Index ✕,71$,85$,40.1k,500,5$,Instat-5 Hours
,89,Medium.com,Nofollow,Non Index ✕,95$,94$,50.9M,500,5$,Instat-5 Hours
,90,Showbiz411.com,Dofollow,Non Index ✕,..,69$,23.5k,500,5$,Instat-5 Hours
,91,4fund.com,Dofollow,Non Index ✕,41$,63$,4k,500,5$,Instat-5 Hours
,92,Houzz.fr,Dofollow,Non Index ✕,59$,84$,364.9k,500,5$,Instat-5 Hours
,93,Houzz.it,Dofollow,Non Index ✕,50,81$,243.6k,500,5$,Instat-5 Hours
,94,Houzz.es,Dofollow,Non Index ✕,54$,80$,291.2k,500,5$,Instat-5 Hours
,95,Houzz.in,Dofollow,Non Index ✕,48,76$,597.4k,500,5$,Instat-5 Hours
,96,Wanderlog.com,Nofollow,Non Index ✕,48$,74$,9.9M,500,5$,Instat-5 Hours
,97,Learnhole.com,Dofollow,Non Index ✕,5$,1$,2.8k,500,5$,Instat-5 Hours
,98,Familyentourage.com,Dofollow,Non Index ✕,20$,25$,1.7k,500,5$,Instat-5 Hours
,99,Nochill.tv,Dofollow,Non Index ✕,15$,16$,0,500,5$,Instat-5 Hours
,100,Iphon.fr,Dofollow,Non Index ✕,64,59$,110.5k,500,5$,Instat-5 Hours
,101,Robservatory.com,Dofollow,Indexable ✓,42$,42$,5.2k,500,5$,Instat-5 Hours
,102,Xiglute.com,Dofollow,Indexable ✓,46,54$,4$,500,5$,Instat-5 Hours
,103,Evernote.com,Dofollow,Non Index ✕,92$,91$,1.3M,500,5$,Instat-5 Hours
,104,Posteezy.com,Dofollow,Non Index ✕,47$,61$,1.5k,500,5$,Instat-5 Hours
,105,Houzz.dk,Dofollow,Non Index ✕,34$,75$,15.5k,500,5$,Instat-5 Hours
,106,Houzz.jp,Dofollow,Non Index ✕,45$,79$,236.5k,500,5$,Instat-5 Hours
,107,Houzz.co.nz,Dofollow,Non Index ✕,37$,74$,60.9k,500,5$,Instat-5 Hours
,108,Cake.me,Dofollow,Non Index ✕,70$,77$,952k,500,5$,Instat-5 Hours
,109,Boosty.to,Nofollow,Non Index ✕,62,83$,266.3k,500,5$,Instat-5 Hours
,110,Padlet.com,Nofollow,Indexable ✓,89,90$,2M,500,5$,Instat-5 Hours
,111,Blogy.exblog.jp,Dofollow,Indexable ✓,32,90$,1.8M,500,5$,Instat-5 Hours
,112,Metooo.io,Nofollow,Indexable ✓,63,71$,3k,500,5$,Instat-5 Hours
,113,Bigcartel.com,Dofollow,Indexable ✓,90,92$,493.6k,500,5$,Instat-5 Hours
,114,Radrounds.com,Dofollow,Non Index ✕,40,36$,237,500,5$,Instat-5 Hours
,115,Huskerbigred.com,Dofollow,Non Index ✕,24,25$,1.7k,500,5$,Instat-5 Hours
,116,Strefainzyniera.pl,Dofollow,Indexable ✓,36,40$,2.6k,500,5$,Instat-5 Hours
,117,Orientering.no,Dofollow,Non Index ✕,43,63$,27.8k,500,5$,Instat-5 Hours
,118,Blogspot.com,Dofollow,Non Index ✕,91$,94$,27M,500,5$,Instat-5 Hours
,119,Dropbox.com,Nofollow,Non Index ✕,95$,94$,8.5M,500,5$,Instat-5 Hours
,120,Homebusinessmag.com,Dofollow,Non Index ✕,51$,71$,2K,500,5$,Instat-5 Hours
,121,Pearltrees.com,Dofollow,Non Index ✕,84$,82$,171.3k,500,5$,Instat-5 Hours
,122,Thelascopress.com,Dofollow,Non Index ✕,39$,37$,460,500,5$,Instat-5 Hours
,123,Roastbrief.com.mx,Dofollow,Non Index ✕,53,58$,25.2k,500,5$,Instat-5 Hours
,124,Kyinsider.com,Dofollow,Non Index ✕,26,15$,427,500,5$,Instat-5 Hours
,125,Pridepublishinggroup.com,Dofollow,Non Index ✕,46,43$,301$,500,5$,Instat-5 Hours
,126,Ok.ru,Dofollow,Non Index ✕,95,92$,46M,500,5$,Instat-5 Hours
,127,Codeberg.org,Nofollow,Indexable ✓,57,88$,22.3K,500,5$,Instat-5 Hours
,128,Anotepad.com,Nofollow,Non Index ✕,60,74$,810K,500,5$,Instat-5 Hours
,129,Opencollective.com,Dofollow,Non Index ✕,70,88$,141.9k,500,5$,Instat-5 Hours
,130,Barcawelt.de,Dofollow,Indexable ✓,41,32$,174.4k,500,5$,Instat-5 Hours
,131,Thenational.com.pg,Dofollow,Indexable ✓,55,63$,22.3k,500,5$,Instat-5 Hours
,132,B31.org.uk,Dofollow,Indexable ✓,42,35$,3.7k,500,5$,Instat-5 Hours
,133,Blog.apaonline.org,Dofollow,Non Index ✕,61,73$,29.9k,500,5$,Instat-5 Hours
,134,Spartanshadows.com,Dofollow,Non Index ✕,25,5$,200,500,5$,Instat-5 Hours
,135,Wowchakra.com,Dofollow,Non Index ✕,35,30$,2.6k,500,5$,Instat-5 Hours
,136,Empowher.com,Nofollow,Non Index ✕,79,70$,12.2k,500,5$,Instat-5 Hours
,137,Writeupcafe.com,Nofollow,Non Index ✕,62,68$,4.5k,500,5$,Instat-5 Hours
,138,3c-ren.org,Dofollow,Indexable ✓,27,39$,1k,500,5$,Instat-5 Hours
,139,Hallbook.com.br,Dofollow,Indexable ✓,41,55$,200,500,5$,Instat-5 Hours
,140,Epic7db.com,Dofollow,Indexable ✓,20,27$,18.2k,500,5$,Instat-5 Hours
,141,Portotheme.com,Nofollow,Indexable ✓,65,90$,9.4k,500,5$,Instat-5 Hours
,142,Yoomark.com,Dofollow,Indexable ✓,51,49$,534,500,5$,Instat-5 Hours
,143,Homify.com,Nofollow,Non Index ✕,53,70$,1k,500,5$,Instat-5 Hours
,144,Homify.co.uk,Nofollow,Non Index ✕,55,68$,1.3k,500,5$,Instat-5 Hours
,145,Fordauthority.com,Dofollow,Indexable ✓,66,68$,161.6K,500,5$,Instat-5 Hours
,146,cocobayresort.com,Dofollow,Indexable ✓,36,34$,37K,500,5$,Instat-5 Hours
,147,Nancycain.com,Dofollow,Indexable ✓,21,21$,12,500,5$,Instat-5 Hours
,148,Fabfashionfix.com,Dofollow,Non Index ✕,47,15$,73,500,5$,Instat-5 Hours
,149,Mypixieset.com,Dofollow,Indexable ✓,68,92$,551.5K,500,5$,Instat-5 Hours
,150,Waivio.com,Dofollow,Non Index ✕,50,32$,24.8K,500,5$,Instat-5 Hours
,151,Brx.gumroad.com,Nofollow,Indexable ✓,91,92$,303.7K,500,5$,Instat-5 Hours
,152,Devfolio.co,Dofollow,Non Index ✕,47,75,9.9K,500,5$,Instat-5 Hours
,153,Thetechedvocate.org,Dofollow,Non Index ✕,71,56,--,500,5$,Instat-5 Hours
,154,mycentralfloridafamily.com,Dofollow,Non Index ✕,40,36,5.3k,500,5$,Instat-5 Hours
,155,https://baiienatalquran.com,Dofollow,Non Index ✕,13,4,1.3k,500,5$,Instat-5 Hours
,156,wptavern.com,Dofollow,Non Index ✕,63,82,4.1k,500,5$,Instat-5 Hours
,157,chet.ca,Dofollow,Indexable ✓,37,28,45,500,5$,Instat-5 Hours
,158,gitlab.com,Nofollow,Indexable ✓,92,92,597.5k,500,5$,Instat-5 Hours
,159,careynieuwhof.com,Dofollow,Non Index ✕,52,70,16.1k,500,5$,Instat-5 Hours
,160,blogz50.wordpress.com,Dofollow,Non Index ✕,94,95,295.4k,500,5$,Instat-5 Hours
,161,docs.google.com/forms,Dofollow,Non Index ✕,98,99,495.5k,500,5$,Instat-5 Hours
,162,storymaps.arcgis.com,Dofollow,Non Index ✕,90,92,345.1k,500,5$,Instat-5 Hours
,163,note.com/,nofollow,Non Index ✕,92,92,10.4M,500,5$,Instat-5 Hours
,164,uk.bookshop.org,Dofollow,Non Index ✕,79,92,45.5k,500,5$,Instat-5 Hours
,165,mystrikingly.com,Dofollow,Indexable ✓,93,89,387.1k,500,5$,Instat-5 Hours
,166,henof.com,Dofollow,Non Index ✕,65,50,34.5k,500,5$,Instat-5 Hours
,167,www.sooplive.com,Dofollow,Indexable ✓,57,73,582.3k,500,5$,Instat-5 Hours
,168,,,,,,,,,
,169,,,,,,,,,
,170,forbesn.com,Dofollow,Non Index ✕,54,20,--,300,2$,Instat-5 Hours
,171,Ibusinessday.com,Dofollow,Non Index ✕,54,38,--,300,2$,Instat-5 Hours
,172,Fortunebn.com,Dofollow,Non Index ✕,51,26,--,300,2$,Instat-5 Hours
,173,Hr.bloggersdelight.dk,Dofollow,Indexable,59,77,--,300,2$,Instat-5 Hours
,174,Scrib.bcz.com,Dofollow,Indexable,74,74,--,300,2$,Instat-5 Hours
,175,Todayigosolar.com,Dofollow,Non Index ✕,24,10,--,300,2$,Instat-5 Hours
,176,Viralsocialtrends.com,Dofollow,Non Index ✕,53,36,--,300,2$,Instat-5 Hours
,177,Logcla.com,Dofollow,Non Index ✕,38,50,--,300,2$,Instat-5 Hours
,178,Wikinewsportal.com,Dofollow,Non Index ✕,22,25,--,300,2$,Instat-5 Hours
,179,Techners.net,Dofollow,Non Index ✕,25,15,--,300,2$,Instat-5 Hours
,180,Blogosm.com,Dofollow,Non Index ✕,41,41,--,300,2$,Instat-5 Hours
,181,Freearticlesmania.com,Dofollow,Non Index ✕,29,24,--,300,2$,Instat-5 Hours
,182,Mushlovesocial.com,Dofollow,Non Index ✕,29,39,--,300,2$,Instat-5 Hours
,183,Friends-Social.com,Dofollow,Indexable,31,28,--,300,2$,Instat-5 Hours
,184,Druzefaces.com,Dofollow,Indexable,28,33,--,300,2$,Instat-5 Hours
,185,Linuxline.org,Dofollow,Indexable,29,16,--,300,2$,Instat-5 Hours
,186,Sparktv.net,Nofollow,Indexable,38,65,--,300,2$,Instat-5 Hours
,187,Nindtr.com,Dofollow,Indexable,10,17,--,300,2$,Instat-5 Hours
,188,Localhomeservicesblog.co.uk,Dofollow,Non Index ✕,25,27,--,300,2$,Instat-5 Hours
,189,Perfect2perfection.in,Dofollow,Non Index ✕,22,16,--,300,2$,Instat-5 Hours
,190,Latinverge.com,Dofollow,Indexable,34,37,--,300,2$,Instat-5 Hours
,191,Satradioweb.com,Dofollow,Indexable,24,15,--,300,2$,Instat-5 Hours
,192,Talkkro.com,Nofollow,Non Index ✕,24,35,--,300,2$,Instat-5 Hours
,193,Facerelation.com,Nofollow,Non Index ✕,27,31,--,300,2$,Instat-5 Hours
,194,Network.icce.io,Dofollow,Non Index ✕,10,18,--,300,2$,Instat-5 Hours
,195,Theprelude.com.pk,Dofollow,Indexable,6,1,--,300,2$,Instat-5 Hours
,196,Loveandfitness.com,Dofollow,Indexable,11,4,--,300,2$,Instat-5 Hours
,197,Gonuldagi.com.tr,Dofollow,Indexable,20,10,--,300,2$,Instat-5 Hours
,198,Nepalaviyan.com,Nofollow,Indexable,7,3,--,300,2$,Instat-5 Hours
,199,Connect.yaystudent.com,Dofollow,Non Index ✕,8,1,--,300,2$,Instat-5 Hours
,200,Finnishwomenorg.com,Dofollow,Indexable,18,9,--,300,2$,Instat-5 Hours
,201,Dutchsportsagency.com,Dofollow,Non Index ✕,14,35,--,300,2$,Instat-5 Hours
,202,Talkmisty.com,Dofollow,Indexable,1,1,--,300,2$,Instat-5 Hours
,203,Rjvconnect.com,Dofollow,Indexable,8,3,--,300,2$,Instat-5 Hours
,204,Ouichefboxes.co.uk,Dofollow,Indexable,10,6,--,300,2$,Instat-5 Hours
,205,Article.bloggingarena.com,Dofollow,Non Index ✕,11,9,--,300,2$,Instat-5 Hours
,206,Gettonews.com,Dofollow,Non Index ✕,58,30,--,300,2$,Instat-5 Hours
,207,Social.stssconstruction.com,Dofollow,Non Index ✕,25,25,--,300,2$,Instat-5 Hours
,208,001davido.com,Dofollow,Indexable,10,11,--,300,2$,Instat-5 Hours
,209,Blogpulseguru.com,Dofollow,Non Index ✕,56,23,--,300,2$,Instat-5 Hours
,210,Blacktube.in,Nofollow,Indexable,21,21,--,300,2$,Instat-5 Hours
,211,Zeustrahub.osloop.com,Nofollow,Indexable,33,25,--,300,2$,Instat-5 Hours
,212,Techglobalpost.com,Dofollow,Non Index ✕,43,3,--,300,2$,Instat-5 Hours
,213,Youvirgin.net,Nofollow,Indexable,4,1,--,300,2$,Instat-5 Hours
,214,App.khest.org,Nofollow,Non Index ✕,15,26,--,300,2$,Instat-5 Hours
,215,Techners.net,Dofollow,Non Index ✕,26,30,--,300,2$,Instat-5 Hours
,216,Griddixcat.com,Dofollow,Non Index ✕,21,11,--,300,2$,Instat-5 Hours
,217,Tawassol.alhekmalabs.net,Dofollow,Indexable,14,15,--,300,2$,Instat-5 Hours
,218,Sociomint.com,Dofollow,Indexable,8,11,--,300,2$,Instat-5 Hours
,219,Salamglobe.com,Dofollow,Indexable,12,2,--,300,2$,Instat-5 Hours
,220,Valutok.com,Dofollow,Indexable,24,27,--,300,2$,Instat-5 Hours
,221,Alfaqeerbroadcast.com,Nofollow,Non Index ✕,18,13,--,300,2$,Instat-5 Hours
,222,Tagintime.com,Dofollow,Non Index ✕,30,31,--,300,2$,Instat-5 Hours
,223,SPortivo.network,Dofollow,Non Index ✕,12,15,--,300,2$,Instat-5 Hours
,224,Community.gamersvision.nl,Nofollow,Indexable,26,17,--,300,2$,Instat-5 Hours
,225,Asianfanfics.com,Nofollow,Indexable,44,62,--,300,2$,Instat-5 Hours
,226,Cothwo.com,Dofollow,Indexable,7,14,--,300,2$,Instat-5 Hours
,227,Fliparticle.com,Dofollow,Non Index ✕,20,19,--,300,2$,Instat-5 Hours
,228,Ooyy.com,Nofollow,Indexable,26,34,--,300,2$,Instat-5 Hours
,229,VYbz.live,Nofollow,Indexable,28,40,--,300,2$,Instat-5 Hours
,230,Melaaj.com,Dofollow,Non Index ✕,8,18,--,300,2$,Instat-5 Hours
,231,Health.thevirallines.net,Dofollow,Indexable,54,28,--,300,2$,Instat-5 Hours
,232,Nytimez.blog,Dofollow,Indexable,15,7,--,300,2$,Instat-5 Hours
,233,Rareteamnames.online,Dofollow,Non Index ✕,12,4,--,300,2$,Instat-5 Hours
,234,Axiomag.icu,Dofollow,Indexable,15,5,--,300,2$,Instat-5 Hours
,235,Cbznews.cfd,Dofollow,Indexable,14,4,--,300,2$,Instat-5 Hours
,236,Msnews.cfd,Dofollow,Indexable,16,5,--,300,2$,Instat-5 Hours
,237,Govtjob.space,Dofollow,Non Index ✕,14,6,--,300,2$,Instat-5 Hours
,238,Porbez.site,Dofollow,Non Index ✕,14,6,--,300,2$,Instat-5 Hours
,239,Banglacaption.io,Dofollow,Indexable,13,6,--,300,2$,Instat-5 Hours
,240,Banglacaption.cloud,Dofollow,Indexable,14,6,--,300,2$,Instat-5 Hours
,241,Topnewstoday.uk,Dofollow,Indexable,15,14,--,300,2$,Instat-5 Hours
,242,Kontentz.xzero.co.uk,Dofollow,Non Index ✕,17,32,--,300,2$,Instat-5 Hours
,243,Trackcourier.xyz,Nofollow,Non Index ✕,13,7,--,300,2$,Instat-5 Hours
,244,Bloggingarena.com,Dofollow,Indexable,10,9,--,300,2$,Instat-5 Hours
,245,Esportsbangla.com,Nofollow,Indexable,4,15,--,300,2$,Instat-5 Hours
,246,Suomiadidas.com,Dofollow,Indexable,99,18,--,300,2$,Instat-5 Hours
,247,Griddixcat.com,Dofollow,Non Index ✕,11,35,--,300,2$,Instat-5 Hours
,248,Aijoining.com,Nofollow,Indexable,36,20,--,300,2$,Instat-5 Hours
,249,Getmitolyndiscount.shop,Dofollow,Non Index ✕,25,36,--,300,2$,Instat-5 Hours
,250,Localhomeservicesblog.co.uk,Dofollow,Non Index ✕,25`,36,--,300,2$,Instat-5 Hours
,251,Zaktalk.com,Nofollow,Indexable,10,25,--,300,2$,Instat-5 Hours
,252,Mydailyblog.org,Dofollow,Non Index ✕,12,15,--,300,2$,Instat-5 Hours
,253,Redinv.upel.edu.ve,Dofollow,Indexable,49,48,--,300,2$,Instat-5 Hours
,254,Evennful.com,Nofollow,Non Index ✕,31,12,--,300,2$,Instat-5 Hours
,255,Wakacircle.com,Nofollow,Indexable,9,43,--,300,2$,Instat-5 Hours
,256,Ulvixo.com,Dofollow,Non Index ✕,8,4,--,300,2$,Instat-5 Hours
,257,Waeris.com,Dofollow,Indexable,16,30,--,300,2$,Instat-5 Hours
,258,Mushlovesocial.com,Dofollow,Non Index ✕,28,28,--,300,2$,Instat-5 Hours
,259,Blogingrace.com,,Non Index ✕,23,26,--,300,2$,Instat-5 Hours