Video Hosting & Streaming,Account status ,Password,Content Posted , Posted on ,
Vimeo,,,,,
Dailymotion,,,,,
Rumble,,,,,
Podcast Platforms,,,,,
Spotify for Podcasters,,,,,"hard water topics, PFAS, chlorine and chloramines "
Apple Podcasts,,,,,
YouTube Podcasts,,,,,
Podbean,,,,,
Buzzsprout,,,,,
iHeartRadio,,,,,
Blogging & Long-Form Publishing,,,,,
Google Sites,,,,,
Medium,,,,,
LinkedIn Articles,,,,,
WordPress.com,,,,,
Tumblr,,,,,
HubPages,,,,,
Blogger,,,,,
LiveJournal,,,,,
Substack,,,,,
Telegraph (telegra.ph),,,,,
Notion (Public Pages),,,,,
Google Docs (Published),,,,,
Q&A Platforms,,,,,
Quora Answers,,,,,
JustAnswer,,,,,
Home Improvement Stack Exchange,,,,,
Answers.com,,,,,
Website Builders / Personal Sites,,,,,
Weebly,,,,,
Wix,,,,,
Strikingly,,,,,
Webs.com,,,,,
Jimdo,,,,,
Zoho Sites,,,,,
Yola,,,,,
Tripod,,,,,
About.me,,,,,
GitHub Pages,,,,,
Document & Presentation Sharing,,,,,
SlideShare,,,,,
Issuu,,,,,
Scribd,,,,,
Academia.edu,,,,,
DocDroid,,,,,
Visual/Creative Portfolios & Image Sharing,,,,,
Behance,,,,,
DeviantArt,,,,,
500px,,,,,
Flickr,,,,,
Pinterest,,,,,
Audio & Music,,,,,
SoundCloud,,,,,
ReverbNation,,,,,
Content Curation,,,,,
Mix.com,,,,,
Flipboard,,,,,
Social Networks & General Communities,,,,,
VK,,,,,
Reddit,,,,,
Nextdoor,,,,,
Disqus,,,,,
Reviews / Reputation Platforms,,,,,
Trustpilot,,,,,
BBB.org,,,,,
SiteJabber,,,,,
ConsumerAffairs,,,,,
Birdeye,,,,,
Yelp,,,,,
ProductReview,,,,,
Knoji,,,,,
G2,,,,,
PR & News Distribution,,,,,
PressAdvantage,,,,,
PRLog,,,,,
IssueWire,,,,,
Newswire,,,,,
MarketWatch,,,,,
The PR News,,,,,
Patch.com,,,,,
MuckRack,,,,,
Stacker,,,,,
Business.com,,,,,
Business Directories & Citations,,,,,
Crunchbase,,,,,
AngelList,,,,,
Manta,,,,,
Hotfrog,,,,,
Brownbook,,,,,
Bing Places,,,,,
Alignable,,,,,
iGlobal,,,,,
TripAdvisor,,,,,
Local Home-Services Lead Listings,,,,,
Angie's,,,,,
Thumbtack,,,,,
Porch,,,,,
Niche Plumbing/Water/Home Forums & Communities,,,,,
Houzz,,,,,
Hometalk,,,,,
DoItYourself.com Forums,,,,,
Terry Love Plumbing Forum,,,,,
"Reddit (r/Plumbing, r/HomeImprovement, r/WaterTreatment)",,,,,
Home Improvement Editorial / Earned Media,,,,,
BobVila.com,,,,,
InspectAPedia,,,,,
TheSpruce,,,,,
Wikipedia,,,,,
Ecommerce / Product Feeds,,,,,
Google Shopping / Merchant,,,,,
,,,,,
yellow pages ,,,,,