S.N,Websites,DA
1,issuu.com,94
2,calameo.com,93
3,slideserve.com,94
4,workdrive.zoho.com,88
5,opendrive.com,70
6,4shared.com,94
7,onedrive.live.com,94
8,file-upload.net,67
9,pearltrees.com,86
10,mega.nz,93
11,files.fm/,73
12,dropbox.com/,95
13,diigo.com/,90
14,slideshare.net,94
15,sharepresentation.com,35
16,anyflip.com,69
17,filefactory.com,81
18,visme.co/,74
19,wetransfer.com,91
20,wakelet.com/,71
21,smallpdf.com,73
22,u.pcloud.link,65
23,drive.google.com,97
24,pubhtml5.com,63
25,acrobat.adobe.com,96
26,mediafire.com/,94
27,sendspace.com/,93
28,send.cm,64
29,upload.ee,64
30,cp.sync.com/,63
31,depositfiles.com/,92
32,flipsnack.com,91
33,oto.lv.tab.digital,37
34,docslides.com/,65
35,zippyshare.day/,50
36,terabox.com,53
37,turbobit.net/,82
38,megaup.net/,43
39,pubhtml5.com,65
40,usersdrive.com/,40
41,scribd.com,94
42,transferbigfiles.com/,52
43,heyzine.com,65
44,delafil.se/,19
45,file-upload.org,55
46,filetransfer.io,60
47,slideorbit.com/,17
48,fliptml5.com/,82
49,sprend.com/,35
50,proton.me/drive,79